userId,userName,userLevel
4000,Angela Sexton,Coordinator
4001,Hilda Neal,Coordinator
4002,Megan Dixon,Coordinator
4003,Macey Finley,Coordinator
4004,Jolene Park,Coordinator
4005,Nina Santana,Coordinator
4006,Adara Savage,Coordinator
4007,Gay Campos,Coordinator
4008,Fay Gallegos,Coordinator
4009,Courtney Hicks,Coordinator
4010,Rose Pennington,Coordinator
4011,Shay Shaw,Coordinator
4012,Bertha Tucker,Coordinator
4013,Emily Rose,Coordinator
4014,Ivory Bates,Coordinator
4015,Nayda Gallagher,Coordinator
4016,Carol Savage,Coordinator
4017,Pearl Chase,Coordinator
4018,Nell Guy,Coordinator
4019,Hanae Roy,Coordinator
4020,Shelley Talley,Coordinator
4021,Hannah Lee,Coordinator
4022,Keely Logan,Coordinator
4023,Breanna Christensen,Coordinator
4024,Lois Cotton,Coordinator
4025,Kirby Maynard,Coordinator
4026,Carla Espinoza,Coordinator
4027,Candace Lucas,Coordinator
4028,Jaden Callahan,Coordinator
4029,Cameron Rivers,Coordinator
4030,Holly Welch,Coordinator
4031,TaShya Dean,Coordinator
4032,Hedwig Santos,Coordinator
4033,Moana Richmond,Coordinator
4034,Teagan Strickland,Coordinator
4035,Hyacinth Madden,Coordinator
4036,Jada Moreno,Coordinator
4037,Clare Compton,Coordinator
4038,Lillith Zimmerman,Coordinator
4039,Rinah Mckinney,Coordinator
4040,Willow Hester,Coordinator
4041,Haley Zamora,Coordinator
4042,Courtney Olson,Coordinator
4043,Ori Frye,Coordinator
4044,Alea Maldonado,Coordinator
4045,Libby Davis,Coordinator
4046,Sierra Butler,Coordinator
4047,Katelyn Cantrell,Coordinator
4048,Rowan Hammond,Coordinator
4049,Aphrodite Woodward,Coordinator
4050,Veda Gross,Coordinator
4051,Cora Hood,Coordinator
4052,Alana Montoya,Coordinator
4053,Kristen Bates,Coordinator
4054,Germaine Patrick,Coordinator
4055,Leila Howe,Coordinator
4056,Indira Spears,Coordinator
4057,Joy Farley,Coordinator
4058,Amela Hardin,Coordinator
4059,Miranda Bright,Coordinator
4060,Ignacia Benson,Coordinator
4061,Selma Holt,Coordinator
4062,Sigourney Goff,Coordinator
4063,Eve Hickman,Coordinator
4064,Sheila Hawkins,Coordinator
4065,Noelani Harrell,Coordinator
4066,Kirsten Prince,Coordinator
4067,Sydnee Lawrence,Coordinator
4068,Kameko Conway,Coordinator
4069,Nola Donaldson,Coordinator
4070,Nicole Levy,Coordinator
4071,Courtney Kinney,Coordinator
4072,Kimberley Mayer,Coordinator
4073,Rachel Bush,Coordinator
4074,Mollie Burton,Coordinator
4075,Lesley Valenzuela,Coordinator
4076,Ivana Frye,Coordinator
4077,Lavinia Becker,Coordinator
4078,Reagan Ball,Coordinator
4079,Signe Vinson,Coordinator
4080,Lila Blackburn,Coordinator
4081,Kirsten Hampton,Coordinator
4082,Stacy Mosley,Coordinator
4083,Summer Calderon,Coordinator
4084,Lois Elliott,Coordinator
4085,Pearl Silva,Coordinator
4086,Gillian Wright,Coordinator
4087,Liberty Larson,Coordinator
4088,Gail Sosa,Coordinator
4089,Jacqueline Harrell,Coordinator
4090,Karly Roberson,Coordinator
4091,Sheila Horne,Coordinator
4092,Morgan Howell,Coordinator
4093,Dakota Talley,Coordinator
4094,Maxine Gill,Coordinator
4095,Farrah Acevedo,Coordinator
4096,Kelly Herman,Coordinator
4097,Catherine Coffey,Coordinator
4098,Buffy Dillard,Coordinator
4099,Lysandra Kemp,Coordinator
2176,Len Hale,Candidate
2178,Bianca Espinoza,Candidate
2180,Anika Frost,Candidate
2182,Kessie Barlow,Candidate
2184,Lawrence Campbell,Candidate
2186,Allistair Gilbert,Candidate
2188,Jaden Curtis,Candidate
2190,Alika Reynolds,Candidate
2192,Dante Mcgowan,Candidate
2194,Morgan Aguirre,Candidate
2196,Inez Gibbs,Candidate
2198,Nero Church,Candidate
2200,Rahim Barker,Candidate
2202,Hedda Conley,Candidate
2204,Desirae Waller,Candidate
2206,Lionel Wyatt,Candidate
2208,Beatrice Mccullough,Candidate
2210,Amery Moran,Candidate
2212,Jolie Alston,Candidate
2214,Valentine Le,Candidate
2216,Elmo Fisher,Candidate
2218,Ulysses Daniels,Candidate
2220,Clark Oneil,Candidate
2222,Camden Harris,Candidate
2224,Lars Berry,Candidate
2226,Emily Stout,Candidate
2228,Fulton Stephenson,Candidate
2230,Colin Love,Candidate
2232,Galena Wiggins,Candidate
2234,Marny Jimenez,Candidate
2236,Julie Hopper,Candidate
2238,Paul Tyson,Candidate
2240,Macey Welch,Candidate
2242,Michael Meyer,Candidate
2244,Demetria Bates,Candidate
2246,Naida Lowery,Candidate
2248,Charde Valdez,Candidate
2250,Nell Moon,Candidate
2252,Iris Becker,Candidate
2254,Libby Newton,Candidate
2256,Hall Hale,Candidate
2258,Oleg Wells,Candidate
2260,Sybil Cross,Candidate
2262,Claudia Prince,Candidate
2264,Len Moody,Candidate
2266,Alec Moon,Candidate
2268,Rhoda Freeman,Candidate
2270,Alice Snider,Candidate
2272,Debra Mills,Candidate
2274,Harper Buckley,Candidate
2276,Joy Crane,Candidate
2278,Reece Pate,Candidate
2280,Sophia Rowe,Candidate
2282,Roanna Gentry,Candidate
2284,Benjamin Porter,Candidate
2286,Isaac David,Candidate
2288,Mechelle Jordan,Candidate
2290,Eliana Lopez,Candidate
2292,Clarke Wooten,Candidate
2294,Ishmael Carr,Candidate
2296,Marshall Cross,Candidate
2298,Mira Howe,Candidate
2300,Joel Cherry,Candidate
2302,Kiona Caldwell,Candidate
2304,Nerea Baker,Candidate
2306,Jescie Mccarty,Candidate
2308,Zenaida Osborn,Candidate
2310,Aquila Herrera,Candidate
2312,Audrey Bishop,Candidate
2314,Risa Chan,Candidate
2316,Elijah Cook,Candidate
2318,Bethany Snow,Candidate
2320,Brenna Sampson,Candidate
2322,Aurelia Medina,Candidate
2324,Aristotle Mcintyre,Candidate
2326,Geraldine Marshall,Candidate
2328,Bruno Bryant,Candidate
2330,Quintessa Cash,Candidate
2332,Hedda Obrien,Candidate
2334,Whoopi Duffy,Candidate
2336,Marcia Nguyen,Candidate
2338,Rhiannon Valencia,Candidate
2340,Aimee Alexander,Candidate
2342,Hannah Dominguez,Candidate
2344,Nicholas Paul,Candidate
2346,Belle Kline,Candidate
2348,Kylan Mayer,Candidate
2350,Gannon Meyers,Candidate
2352,Lareina Mckay,Candidate
2354,Tanek Mayer,Candidate
2356,Helen Goodman,Candidate
2358,Kuame Farrell,Candidate
2360,Willow Klein,Candidate
2362,Angela Riggs,Candidate
2364,Emma Ratliff,Candidate
2366,Deacon Lindsey,Candidate
2368,Rahim Rojas,Candidate
2370,Colleen Crawford,Candidate
2372,Noble Frost,Candidate
2374,April Bennett,Candidate
1023,Kane Ross,Administrator
1025,Elizabeth Little,Administrator
1027,Dominic Cowan,Administrator
1029,Melanie Andrews,Administrator
1031,Harmony Odonnell,Administrator
1033,Taylor Sanders,Administrator
1035,Memphis Irwin,Administrator
1037,Anderson Saunders,Administrator
1039,Kayley Ross,Administrator
1041,Trinity Callahan,Administrator
1043,Tiara Mason,Administrator
1045,Jamiya Novak,Administrator
1047,Jordyn Bautista,Administrator
1049,Emiliano Burch,Administrator
1051,Valentina Zhang,Administrator
1053,Keegan Powers,Administrator
1055,Karissa Peterson,Administrator
1057,Jaida Ruiz,Administrator
1059,Waylon Butler,Administrator
1061,Jonah Beard,Administrator
1063,Anastasia Howe,Administrator
1065,Brock Nguyen,Administrator
1067,Kelton Parks,Administrator
1069,Sadie Burnett,Administrator
1071,Dominick Arnold,Administrator
1073,Justice Fritz,Administrator
1075,Noah Mathis,Administrator
1077,Iyana Kennedy,Administrator
1079,Lailah Jones,Administrator
1081,Jeffery Gregory,Administrator
